type,title,content,like,mean
문화/체육/관광/언론,AI 이미지 생성기의 무분별한 사용과 악용을 막기 위한 법적 규제에 관한 청원,"AI 이미지 생성기의 개발은 콘텐츠 산업을 새로운 혁신을 가져다 줄 큰 잠재력을 가지고 있습니다. 그러나 그에 따른 위험과 부정적인 결과를 간과할 수는 없습니다. 규제와 윤리적 지침이 없으면 AI 이미지 생성기는 개인과 사회 전체에 해를 끼칠 수 있습니다.  AI 이미지 생성기는 허위 뉴스, 정보를 퍼뜨리고 실제 사람의 명예를 훼손하는 데 쉽게 사용할 수 있습니다. 이것은 사회 전체에 혼란을 야기할 뿐만 아니라 개인의 권리를 침해합니다. 또한 저작권이나 초상권을 침해하는 이미지의 제작 및 상업적 사용은 원작자에게 금전적 피해를 줄 수 있습니다.  일부에서는 규제가 발전을 방해한다고 주장할 수도 있지만 그렇지 않습니다. 규정 및 윤리적 지침은 AI 이미지 생성기와 창작자 간의 상생 관계를 촉진하여 콘텐츠 산업이 관련된 모든 사람을 위해 책임감 있고 존중하는 방식으로 발전할 수 있도록 합니다. 또한 윤리적 AI 개발은 AI 기술의 신뢰성을 높이고, 저작권 및 초상권 등 데이터 무단 학습 논란에서 벗어날 수 있습니다. 따라서 창작자가 AI를 도구로써 적극적으로 받아들일 수 있는 환경과 모두가 공감할 수 있는 사회적 인식을 만드는 게 중요합니다.   우리는 AI 이미지 생성기가 사회와 콘텐츠 산업에 미치는 부정적인 영향을 보았습니다. AI 이미지 생성기 규제 청원은 윤리적 AI를 홍보하고 창작자의 지적 재산권을 보호하기 위해 필요한 조치입니다. 혁신을 억누르는 것이 아니라 모든 사람에게 혜택을 주는 책임 있고 윤리적인 방식으로 AI를 개발하는 것입니다.  결론은 규제되지 않은 AI 이미지 생성기로 인한 잠재적 피해를 무시할 수 없습니다. 우리는 개인의 권리를 보호하고 모두에게 이익이 되는 윤리적 AI 개발을 촉진하기 위한 조치를 취해야 합니다. 콘텐츠 산업의 미래를 위한 AI 제너레이터 이미지 규제청원 지원에 동참해주세요.",50000,7005
수사/법무/사법제도,국가보안법 폐지 반대에 관한 청원,"국민이 요즘 같이 안보에 대해 불안한 적이 없을 정도로 불안하기 짝이 없는 시절을 보내면서 위태로움 속에 하루하루를 살아가고 있습니다.  수명이 매일매일 줄어드는것 같습니다.  이런 와중에 국가보안법폐지에 대한 국회청원댓글부대를 모집하는 전교조 공지사항을 보게 되었습니다.  참교육을 목적으로 결성된 전교조가 이런 정치적인 단체행동을 한다는것이 어처구니가 없습니다.  교사 개개인이 정치적 행동을 해도 안된다고 생각하는데 단체로 댓글부대 모집까지 독려하며, 무슨 이유에서인지 국가의 안보를 위협하는 국가보안법폐지에 앞장서고 있습니다.  이런 정치적인 단체의 행동방향이 교육과 무슨 관계가 있으며, 이런 정신상태로 국가 교육의 미래를 책임질 수 있겠습니까?  국가보안법 폐지를 반대합니다.  https://www.eduhope.net/bbs/board.php?bo_table=maybbs_eduhope_8_18&wr_id=224418&menu_id=",100000,14882
재정/세제/금융/예산,중도금 가산금리 인하 및 시스템 개편에 관한 청원,"정부에서 지역별 중도금 가산금리에 대한 차등을 두는것을 아시는지요? 은행에서는 신용대출시 신용등급 및 소득에 따라 한도와 금리에 대한 차등을  두는데 중도금대출(집단대출)에서 이런 지역간의 금리차등은 서민들에게 자괴감을 들게 하는 처사입니다. 2020년 11월 23일 중도금 1회차 실행 신내역 시티프라디움 오피스텔 가산금리 1.60% 2022년 6월 25일 중도금 1회차 실행 이천빌리브어바인시티 가산금리 2.70% 2022년 9월 5일 중도금 1회차 실행 영통푸르지오 트레센츠, 파인베르 가산금리 2.45% 2022년 10월 14일 중도금 1회차 실행 파주운정 신영지웰 가산금리 2.45% 2023년 3월 6일 중도금 1회차 파주운정 호반써밋 웨스트파크 가산금리 2.23% 이처럼 서울과 경기외곽지역은 최대 2%가까이 금리차이가 나는데 지역별로 이렇게 금리차이가 나는 것은 부당하다고 생각됩니다.  중도금 금리는 건설사가 어느 회사냐에 따라서도 금리가 차등이라고 합니다. 내집마련의 부푼꿈을 않고 청약하는 서민들은 누구나 더 좋은 브랜드의 아파트에 당첨이 되고 싶어 합니다. 그러나 현실적으로 메이저 건설사들만 아파트를 짓는게 아니기에 중소형 건설사가 짓는 아파트에도 청약을 넣고 내집마련의 꿈을 실현하기도 합니다. 중도금은 건설사의 신용을 가지고 금리를 책정하여 진행한다고 은행에서 이야기를 합니다. 수분양자들은 청약을 당첨받았다는 이유로 금융사별 금리비교도 없이 건설사가 받은 대출의 이자를 고스란히 납부해야 합니다. 적게는 1천만원에서 2천만원, 많게는 3천만원에서 5천만원이 넘는 돈입니다. 이러한 큰돈을 비교도 없이 고스란히 떠않게되고, 메이저건설사가 아닌 중소건설사여서 더 높은 금리의 이율을 내야되는 현재의 시스템은 말이 안된다고 생각합니다. 모든 서민들이 건설사에 따라 금리가 다른것을 알면 누가 중소건설사에 청약을 넣으려고 할가요.  중도금 대출은 집단대출이기에 금리인하요구권도 사용할 수 없다고 합니다. 그런데 입주시 중도금과 잔금을 상환하기 위해 대출을 받는 잔금대출은 같은 집단대출인데도 불구하고 은행간 경쟁으로 인해 가산금리가 매우 저렴합니다. 2023년도를 기준으로 0.15%~0.3%입니다. 앞서 알아본 중도금 대출의 가산금리 보다 훨씬 저렴합니다. 같은 집단대출인데 도대체 무엇 때문에 차리가 나는 걸가요? 중도금 가산금리를 잔금대출 가산금리와 동일하게 낮춰달라는것이 아닙니다. 최소한 납득할만한 가산금리를 책정해주고 조정해달라는 것입니다.  내집마련의 꿈을 가지고 청약에 도전하여 당첨이 된 수분양자들은 기쁨을 만끽할 순간도 없이 치솟아 오르는 금리와 상대적으로 높게 책정한 은행의 가산금리로 인한 이자부담 때문에 하루하루를 힘들고 괴로워하며 보내고 있습니다. 청약 당첨자들이 모여있는 커뮤니티나 단톡방에서는 하루에도 여러 번씩 계약해제가 가능하냐는 질문이 나옵니다. 그만큼 현시점의 이자부담이 서민들에게는 청약을 포기할만큼 큰 금액이 되었고 상처가 되었습니다. 그렇기에 정부에서 서민들의 마음을 십분의 일이라도 공감하신다면 중도금 금리책정에 대한 문제를 지적해주시고 가산금리가 조정이 될 수 있도록 살펴주시길 부탁드립니다.",50000,5658
산업/통상,"한전은 공기업, 송전시장 민영화 반대에 관한 청원","자금난으로 인한 민간에 송전시장을 민영화보다 차라리 전기요금을 올리세요!  한번 민영화 된 한전 송전시장이 공기업으로 되돌릴 수 없습니다.  전기는 그만큼 국민들 생활에 중요한 한 부분입니다.  민영화하면 이익을 내기위해 전기요금을 계속 올리겠죠! 과다한 요금은   국민의 삶을 피폐하게 만들고 국가가 그 회사를 컨트롤 할 수가 없습니다.  그리고 공기업을 민영화는 국민들에게 의견을 물어보셨으면 좋겠습니다. 그리고 대선때 공기업 민영화 안 한다고 하셨잔아요!  무조건 자금 경영난이라고 민영화 해버리면 그 요금은 어떻게 감당합니까?  차라리 점차 조금씩 전기요금을 올리고 산업용도 전기요금을 올리세요~ 왜 가정용만 누진세입니까?  가정용만 누진세 과한 요금을 적용합니까? 영업용, 산업용도 요금을 올리세요~ 무조건 민영화는 절대 반대합니다.  참고로 국내 4위 발전회사가 사실상 중국 국영기업 자회사임.   중국 국영회사 CGN이 2002년에 현대 에너지 지분 100% 인수로 진출해 있는중입니다.   중국기업에도 파실 겁니까? 다시 생각해 주세요!",50000,12565
재난/안전/환경,낚시행위 제한 근거 조항 개정에 관한 청원,"위 두 법은 다양한 기관에서 연구 분석한 자료들을 참조하면 결코 법의 제정이나 개정 취지와는 배치되는 법률조항임을 알 수 있습니다.  2020. 3. 20. 충남연구원 물환경연구센터에서 “중점관리 저수지(예당호) 수질개선계획 수렴 연구 (2020일반-96)”을 참조하면 전체 오염원 중 비점오염원인 축산업계, 생활계, 산업계, 토지계 등의 오염이 전체 중 99%에 달하고 있으며,  2015. 2. 8. 한국낚시업중앙회의 요구로 해양수산부에서 주관하고 ○○○대 ○○○ 박사팀의 “낚시터 수질관리방안 연구”에서도 “낚시는 저수지 오염에 미치는 영향이 적으며 관리낚시터로 운영되었을 때 오히려 수질이 개선되는 효과가 있다.”라는 보고서가 제출되었습니다.   낚시는 환경오염 예방 및 수질과 생태계 보호에 힘쓰는 자연친화적인 전국민이 가장 많이 즐기는 취미이자 레저로 자리매김하고 있다는 것은 낚시인들이 낚시터 보존을 위해 자신들의 비용으로 주변 정화활동등의 노력을 통해 충분히 짐작할 수 있습니다.   그럼에도 전국 각 지자체들은 위 두 법을 악용하여 마치 낚시로 인해 수질과 환경이 훼손되는 것으로 포장하여 환경부의 “2022년도 국고보조사업 신청지침에 따라 수질오염총량제”의 희생량으로 몰아가며 낚시를 금지시키고 있는 실정입니다.  그러나, 위 낚시금지는 현행 국가정책으로 해양수산부, 문화체육관광부, 중소벤처기업부 등에서 전 국민의 여가 활동을 통해 국내외로 소비 시장이 커지고 있는 레저산업을 활성화 시키기 위해 매년 수 많은 연구비와 지원금을 세금으로 집행하며, 신산업 성장동력원으로 개발 지원하고 있음을 통해 알 수 있으나, 각 지자체 공무원들은 위와 같은 낚시인들과 정부의 노력에도 불구하고 국가 정책에 역행하여 오히려 신산업인 레저산업을 파괴하고 있으며,   자자체 공무원들이 각 호수나 저수지등에 쓰레기 분리수거 및 수질오염 위해 시설의 단속등의 업무를 수행하여야 함에도 불구하고 “예산이 없다.”, “관리나 단속인력이 없다.”는 등의 이유로 쓰레기 분리수거나 수거를 위한 쓰레기통 및 화장실등을 방치 또는 철거하는등의 직무유기 행위를 하면서 대한민국 헌법 제7조 “① 공무원은 국민전체에 대한 봉사자이며, 국민에 대하여 책임을 진다.”, 지방공무원법 제48조(성실 의무) “모든 공무원은 법규를 준수하며 성실히 직무를 수행하여야 한다.”, 지방공무원 적극행정 운영규정 제2조(정의) “2. ""적극행정""이란 지방자치단체의 공무원이 불합리한 규제를 개선하는 등 공공의 이익을 위해 창의성과 전문성을 바탕으로 적극적으로 업무를 처리하는 행위를 말한다.” 라고 규정하고 있는 공무원의 적극행정은 무시하고 현행 지자체 공무원들이 해서는 안될 소극행정을 넘어 자신들의 무능을 낚시인들에게 덮어씌우는 비도덕적인 행태를 이어가고 있는것입니다.  낚시인들은 더 이상 후진국의 몰지각한 사고를 가진 국민들이 아니며 일부 몰지각한 국민이 있더라도 다수의 선량한 낚시인들이 위에서 언급한 헌법에서 보장하는 각 기본권으로부터 적극 보호받아야 할 것이므로 위 두 법은 삭제 내지는 현실에 맞게 이해관계자들의 논의를 통해 개정됨으로서 억울하게 환경파괴와 수질오염의 주범이라는 누명을 쓰고 긴 시간 낚시라는 취미활동을 영위해 온 낚시인들의 기본권 보장 및 낚시산업이라는 신산업의 활성화등에 이바지해야 할 것입니다.",100000,10945
국토/해양/교통,한국 공인 중개사협회 법정단체화에 관한 청원,"1.	문제의 제기 목전의 전세 사기 문제로 인하여 많은 고통을 받고있는 세입자들을 보고 있노라면 시민의 한사람으로서 안타깝기 그지없습니다. 선진국의 문턱에 있는 우리나라가 어떻게 이런 후진적인 문제가 끊임없이 발생하는가?  캐나다에서 공인 중개사를 했던 저는 한국 공인 중개사협회가   회원들에 대한 단속과 통제 권한이 없어서 일부 공인중개사가 이런 불법적인 행위를 한다고 생각합니다.  미국과 캐나다등의 선진국에서는 법정 단체인 공인중개사 협회에서 회원인 공인중개사에 대해서 끊임없이 윤리교육을 시키고, 약간의 일탈행위에 대해서 조차 협회가 즉시 주의나 경고를 하고있고, 불법 행위 발생시 모든 공인 중개사들 에게 공지하여 주의를 환기시키기 때문에, 감히 중개 사기와 같은 대형 사고가 발생할 수 없습니다.   2.	문제발생 원인 현재 한국 공인 중개사 협회는 법정 단체가 아닌 임의 단체로 되어 있고, 협회 가입도 강제가 아닌 임의로 되어있어, 협회의 공인중개사에 대한 통제가 불가능한 상황입니다.  또한 미국과 캐나다의 공인 중개사들은 국내와 달리 중개사들 대부분이 대형 중개법인 소속으로 일을 하고 있어, 공인중개사 협회와 대형 중개법인의 통제력이 개별 공인 중개사에게 세밀하게 즉시 미치는 반면, 국내의 개업 공인 중개사는 대부분이 1인 대표로 구성된 영세한 중개사무소로 전국 곳곳 읍.면 지역에 까지 산재해 있어 정부나 지자체가 이들을 통제하는 것은 물리적으로 매우 불가능한 상황입니다.  3.	문제 해결 방안 (청원 내용)  50만명이상의 공인중개사가 이미 배출되어, 전국에 10여만명의 개업 공인중개사가 활동하고 있습니다. 아울러, 한국 공인 중개사 협회가 설립된 지 거의 40년이 되어가고 있습니다. 협회중심으로 자체의 자정작용 및 끊임없는 교육을 통하여, 앞으로는 전세 사기와 같은 후진적인 불법 중개 행위 발생을 미연에 방지 하고, 선진화된 중개 제도를 하루빨리 도입하여 국내에 정착시켜야 됩니다.  이를 위해서는 만시지탄이지만, 기본적인 선결 요건으로서 한국 공인중개사협회를 속히 법정 단체화 해줄것을 청원합니다.",50000,1892
소비자/공정거래,"급발진 의심 사고 발생시 ""결함 원인 입증책임 전환""  제조물책임법 개정에 관한 청원","2022.12.06. 강릉 홍제동에서 OOOOO 급발진 의심 사고로 12살 꿈 많고 해맑았던 저희 아들 도현이를 하늘나라 보내고 당시 운전자였던 어머니는 형사입건된 사고가 있었습니다.   50년 서울 생활을 접고 연고도 없었던 강릉에서 손주들을 돌봐 주시려고 내려오셨고 8년 넘도록 아이들 등,하원을 전담하며 사고 당일도 평소와 같이 학원에서 도현이를 태우고 집으로 돌아오는 중 너무나도 끔직하고 상상도 할 수 없었던 급발진 사고로 도현이와 생이별을 하였습니다.  너무나 평온하고 평범했던 일상들이 급발진 사고로 인하여 한 가정이 풍비박산 나고 더 이상 삶을 살아갈 이유도 가치도 느끼지 못한 채 슬픔에 잠겨 있다가 당시 운전자였던 어머니가 형사 입건되었다는 청천벽력과 같은 사실에 어머니에게 죄가 있다고 판결이 날까 봐 전전긍긍하며 도현이를 떠나보낸 고통과 슬픔, 아픔도 뒤로하고 어머니에게 죄가 없음을 호소하는 탄원서도 받고 있습니다.  또한 도현이를 떠나보냈다는 받아들일 수 없는 현실 속에 너무나도 소중한 생명인 우리 아들 도현이가 왜 이렇게 하늘나라에 갈 수밖에 없었는지에 대한 원인 규명을 해야겠다 생각하고 계란으로 바위 치기라며 하지 말라는 주변 만류에도 제조사인 OO자동차를 상대로 2023.01.10. 민사소송을 위해 강릉지원에 소장을 제출하였습니다. 이번 사고를 당하고 소송을 준비하며 느낀 것은 도현이를 떠난 보낸 슬픔과 아픔의 고통을 그리고 온전히 애도하지 못한 채 급발진이 왜 발생했는지에 대한 사고 원인 규명을 비전문가인 사고자나 유가족이 급발진 사실에 대해 증명해야 된다는 억울하고 답답한 대한민국 현실에 울분이 터지고 억장이 무너졌습니다.   - 사고당한 것도 억울하고 개탄스러운데 사고의 원인 규명을 도대체 왜 사고 당사자인 우리가 해야만 하는지요?   - 억울하면 증명해야 되는 이 안타깝고도 비극적인 대한민국의 현실 속에 도현이와 같은 또 다른 소중한 생명이 급발진 사고로 희생되어서는 안되지 않겠습니까?   - 언제까지 제조사의 이권과 횡포 앞에 국민들의 소중한 생명의 가치가 도외시되어야 합니까?  - 운전하는 모든 국민들이 언제까지 급발진 사고의 위험 속에 생명을 담보로 운전하며 살아가야 됩니까?  이제는 바뀌어야 됩니다.  도현이의 억울함을 풀어주기 위해서 모든 운전자 및 급발진 사고로 동일한 아픔을 겪고 있는 국민 여러분을 대표하여 국회에 호소하며 “급발진 의심 사고 발생 시 결함 입증책임 전환”과 급발진 사고가 더 이상 발생되지 않도록 “제조사의 기술적 대책 마련”이 반드시 필요하오니 간절하고 애타는 마음으로 간곡히 부탁드리며 [국민동의 청원에 동참]하여주십시오.",50000,5366
보건의료,간호사 1인당 담당 환자 수 축소에 관한 청원,"간호인력부족 문제의 근본적인 원인은 간호사 1인당 환자수에 대해 법적 제한이 없고 그 모든 부담이 간호사 개인에게 오기 때문입니다. 간호사들은 일찍 나와 일하고, 늦게까지 남아 일하면서 정신없이 바쁘게 뛰어다니지만 충분히 환자를 간호하지 못했다는 죄책감에 시달리며 일해야합니다. 결국 그러다 사직을 선택하게 됩니다.  이러한 상황은 환자의 생명과 직결된다는 점에서도 문제가 있습니다. 2019년 전 세계 30개국에서 동시에 진행된 ‘간호가 환자 결과에 미치는 영향에 대한 연구결과’가 발표되었습니다. 미국 캘리포니아, 플로리다 등 491개 병원에 입원한 환자를 대상으로 조사한 결과, 담당 환자가 1명이 증가할 때 간호사 업무가 가중되고 재입원률이 상승한다는 연구결과가 있습니다.  간호사의 비율을 늘릴수록 환자의 생명을 지킬 수 있습니다. 2014년 벨기에, 잉글랜드, 핀란드 등 유럽 9개국 300개 병원에서 수술을 받은 환자 42만여명을 대상으로 진행한 연구에 따르면 간호사의 비율을 10% 높이면 환자 사망률이 7% 감소되었습니다.  그렇기 때문에 간호사 1인당 환자수를 줄이고 법적으로 제한할 수 있어야 합니다. 이미 다른 나라에서는 환자 대 간호사 비율을 법으로 정하고 있습니다. 미국 캘리포니아주는 간호사 한명이 1~5명의 환자만 돌보도록 간호사 최소 배치기준을 정하는 법을 1999년에 만들었습니다. 호주 빅토리아주에서도 2000년에 환자 대 간호사 비율을 법제화했고, 호주 퀸즈랜드 주의 경우 간호사 인력배치 수준을 확대한 이후 환자 사망률을 12% 낮추고, 12%의 감염을 혜방하는 효과를 보았다고 밝혀져있습니다.    우리나라도 손 놓고 있을 수만은 없습니다. 지금 바로 환자 대 간호사 비율을 법제화하고 이를 지키지 않는 의료기관에 대해서는 처벌해야합니다.   또한 이와 더불어 지역 간호사들의 저임금 문제를 해결하기 위해 지역별, 종별 간호인력의 임금현황을 정기적으로 조사하고 임금기준안을 제시할 것, 폭언·폭행·성희롱 등을 간호활동 침해행위로 규정하고 피해를 입은 간호 인력의 치유와 권리 회복에 필요한 조치를 취할 것, 신규간호사들의 수련환경 개선을 위한 제도적 장치를 마련할 것 등을 제안합니다.  위와 같은 내용을 담은 ‘간호인력 인권 향상을 위한 법률’ 제정을 제안합니다. 구체적인 법률안은 첨부파일로 첨부합니다.",100000,7476
외교/통일/국방/안보,여성 의무 군복무에 관한 「병역법」 개정에 관한 청원,"●현재 대한민국은 저출산, 고령화 사회로 진입했고, 지난해 한국의 출산율이 0.84명으로 전세계 최저를 기록했습니다. 이러한 상황에서 건강한 남성들로만 군대 머릿수를 채우기는 힘들 것으로 보입니다. 그런데 병무청은 군대 머릿수를 채우려고 군대에 보내지 말아야 할 몸이 불편한 남성들까지도 군대에 보내려고 하고 있습니다. 2013년부터 군대 현역 판정률이 90% 이상입니다. 이러면 군대가 질적으로 괜찮겠습니까? 몸이 아픈 남성들보다 건강한 여성이 전쟁에서 전투병으로서의 적합도가 더 높을 겁니다. 즉, 아픈 남성들을 억지로 군대에 보내는 것보다, 건강한 여성들을 군대에 보내는 게 질적으로나 양적으로나 더 좋을 것입니다.  ● [헌법 제2장 국민의 권리와 의무 제39조? ①모든 국민은 법률이 정하는 바에 의하여 국방의 의무를 진다. ? ②누구든지 병역의무의 이행으로 인하여 불이익한 처우를 받지 아니한다.]   헌법에도 국방의 의무는 모든 국민이 진다고 나와 있습니다. 근데 여자들은 군 복무는 안 할 뿐더러, 국방세라는 것도 내지 않습니다. 대한민국 건국 일인 1948.08.15 부터 지금까지 병역의 의무를 유예한 거 뿐입니다. 언제라도 병역법 개정을 통해서 여성도 군 입대 하는 거로 바꿀 수 있습니다.   ●[여성 징병제를 도입에 대한 찬성이 절반을 넘었다.?? KBS가 16일 보도한 여론조사에서 응답자의 52.8%는 여성 징병제 도입에 찬성한다고 답했다. 반대한다는 답변은 35.4%였다.(2020.10.17 00:23 중앙일보)]   ●대한민국은 현재 북한과 전쟁 중입니다. 휴전협정을 맺은 것일 뿐, 언제라도 북한이 쳐들올 수 있는 상황입니다. 이러한 상황이니 여자들도 전쟁이 불시에 일어나도 북한과 싸울 수 있는 능력이 필요합니다.   ●남성과 여성의 신체적 차이는 당연히 있습니다. 그러나 그것이 그렇게 큰 차이는 없을 거라고 봅니다. 여군ㆍ여경ㆍ여소방관이 있는 이유도 같은 거라고 봅니다. 남성과 여성의 신체적 차이가 크면 군인ㆍ경찰ㆍ소방관 같이 힘을 써야되는 직업에 여자들이 있었겠습니까?  ●북한ㆍ중국ㆍ이스라엘 등 여러 나라에서도 여성징병제가 시행되고 있습니다.   ●[병역법 제1장 총칙 제3조(병역의무)?① 대한민국 국민인 남성은?「대한민국헌법」과 이 법에서 정하는 바에 따라 병역의무를 성실히 수행하여야 한다. 여성은 지원에 의하여 현역 및 예비역으로만 복무할 수 있다. ?<개정 2011. 5. 24., 2019. 12. 31.>   위의 병역법에서 '여성은 지원에 의하여ㆍㆍㆍ' 이 부분을 삭제하고, '대한민국 국민인 남성은ㆍㆍㆍ'? 이 부분을 '대한민국 국민인 남성과 여성은ㆍㆍㆍ'라고 개정해야 됩니다.",100000,10400
교육,학급당 학생 수 20명 상한을 위한 초ㆍ중등교육법 개정에 관한 청원,"코로나 19 상황으로 학생들의 부분 등교가 길어지고 있으며 원격수업 장기화로 인해 교육 격차가 심해지고 있습니다. 친구들을 제대로 만나지 못하는 학생들의 고립과 외로움 등 정서상의 문제가 대두되고 있고 인터넷?스마트폰 중독, 부실한 식사, 활동 부족으로 인한 건강상의 문제도 심각합니다.  서울. 경기 지역 과학고등학교의 학급당 학생 수는 평균 15명으로 코로나 상황에서도 전면 등교를 시행했습니다. 이러한 학교 뿐 아니라 모든 학교에서 학급당 학생 수를 줄여 안전한 교육 환경을 조성하고 모든 학생들에게 평등한 학습권을 보장해야 합니다. 교육부는 9월 전면 등교를 예고하고 있으나 현 상태로는 학생들의 안전이 보장되지 않습니다. 코로나와 같은 감염병 위기 상황에서도 매일 안전하게 등교하기 위해서는 거리두기의 최소 요건으로 학급당 학생 수가 20명 이하가 되어야 합니다.  학급당 학생 수 감축은 질 높은 교육을 위한 가장 기본적인 조건입니다. 한 교실의 학생 수가 줄어들면 다양한 수업 방식을 도입할 수 있고 개인별, 맞춤형 교육이 가능해집니다. 경제 규모로는 세계 10위인 우리나라의 학급당 학생 수는 OECD 평균보다 훨씬 많습니다. 학령인구 감소를 근거로 학급을 줄이고 교원 수를 감축할 것이 아니라, 학급당 학생 수를 20명 이하로 줄여 교육의 질을 높이고 교육의 공공성을 제고하는 기회로 삼기를 바랍니다.   과밀학급을 해소하고 교육이 가능한 학교를 만들기 위해 법률로 학급당 학생 수 상한을 정해야 합니다. 이에 초·중등교육법을 개정하여 초?중등학교의 학급당 학생 수를 20명 이하로 제한할 것을 청원합니다.",100000,8812
과학기술/정보통신,언론자유와 공영방송의 정치적 독립을 위한 법률 개정에 관한 청원,"1. 현황 ○ 한국의 공영방송은 역사적으로 제도권 정치의 권력 향배에서 자유롭지 못했습니다. 여야 정당이 공영방송 이사회 이사를 추천하는 관행은 1990년대 방송위원회 위원 추천방식이 공영방송에 이식된 것으로 법률이 부여하는 권한이 아닙니다. 하지만 여야 정치권은 선거 결과에 따라 공수를 교대하며 공영방송에 대한 정치적 기득권을 유지해왔습니다. 여야 정당이 6:3 또는 7:4 비율로 이사회 추천권을 분점하고 이렇게 임명된 이사들이 사장을 선임해왔습니다. 우리는 이것을 ‘정치적 후견주의’라고 부릅니다.  2. 문제점 ○ 정치권력이 교체되면 여당은 공영방송 이사회 다수를 차지해 사장을 교체하는데 혈안이 되고 그전까지 공영미디어에 정치적 영향력을 행사하던 야당은 언론탄압의 희생자를 자처하는 웃지못할 현실이 되풀이되고 있습니다. 이렇듯 불안정한 구조 속에서 언론자유와 국민의 알 권리는 지금도 공격당하고 있으며, 공영미디어의 제대로 된 역할과 미래 발전을 위한 준비는 뒷전으로 밀릴 수 밖에 없습니다. ○ 권력에 대한 견제와 감시는 모든 언론의 가장 중요한 사명입니다. 대통령의 잘못된 발언을 보도했다는 이유로 공영방송이 권력에 의해 ‘진상조사’와 민영화(사영화)’의 대상이 됩니다. 늘 높은 신뢰도를 보이는 공영뉴스채널의 공기업 지분을 ‘공익성이 없다’는 이유로 팔아 치운다고 합니다. 이제 정치권력의 공영방송 장악과 흔들기를 멈춰야 합니다. 제도적으로 청산해야 합니다. 언론자유를 지켜야 합니다.   3. 개선 방안  ○ 정치권이 공영방송에서 손을 떼야 합니다. 정치권력이 장악할 수도 없고 장악할 필요도 없게 만들면 됩니다. 국회의 대표성을 감안하더라도 그 몫은 최소화해야 합니다. 이사회 구성은 정당 추천 방식을 벗어나 대표성, 전문성을 요건으로 해야 합니다. 그동안 배제된 시청자를 포함해 학계, 현업, 지방의회 등에 추천권을 부여해 다양한 목소리를 반영하게 해야 합니다. 사장 선임에도 시청자.시민의 목소리가 반영돼야 합니다. 앞서 KBS에서 사장 선출시 숙의민주주의 방식으로 시민들의 평가 의견을 반영한 사례가 있었습니다. 시민들이 공영방송에 보여준 관심과 참여도는 놀라울 정도였습니다. MBC와 YTN, 연합뉴스에서도 사장 후보자들의 공개 정책설명회를 통해 투명성과 시민참여를 보장했습니다. 이미 실현했거나 충분히 실현가능한 제도들입니다. 법률에 제대로 명시하면 됩니다. 지난 4월 12일 정필모 의원 외 국회의원 170명은 이 같은 문제의식을 반영한 법률 개정안을 발의했습니다. 하지만 국회 과학기술정보방송통신위원회는 법안에 대한 논의조차 시작하지 못하고 있습니다. ○ 공영방송의 정치적 독립! 19대 국회부터 10년 이상 논의해왔습니다. 수많은 논의와 전문가 토론, 의견 수렴을 거쳤습니다. 여, 야, 대통령실 모두 지배구조 개선 필요성에 동의하고 있습니다. 이제 논의를 마무리하고 법률 개정으로 실현해야 할 때입니다. 공영방송을 둘러 싼 공정성, 독립성 논란이 뜨거운 이 때가 바로 공정성, 독립성 보장을 위한 법률 개정의 적기입니다. 더 이상 미루지 말고 해당 상임위는 개정안을 상정해 조속히 심의하고 여야는 정기국회가 막을 내리기 전에 통과시켜 주시기 바랍니다.",50000,4588
인권/성평등/노동,평등에 관한 법률안 반대에 관한 청원,"박주민의원이 대표 발의한, 평등에 관한 법률안(이하 평등법안)은 21개의 차별 사유를 정해 사기업, 사인의 자유를 심각히 제약하고, 반대 표현을 괴롭힘에 해당하는 차별로 보는 이상민의원이 대표 발의한 평등법안과 유사하면서도 더욱 강화된 법적 제재를 두고 있습니다.  평등법안의 21개 차별 사유에는 논쟁거리인 사상·정치적 신념 외에도 남녀 양성 중심의 헌법, 법률체계와 대법원 판례에 반하며 대한민국 사회 문화에 정면으로 반하는 ‘그 밖의 알 수 없는 성’을 도입하며, 성적지향, 성별정체성을 차별금지 사유로 도입합니다.  제3의 성별과 성별정체성 차별금지는 전 세계 10% 미만 국가에서만 인정되고 많은 부작용을 낳는 너무 성급한 입법입니다. 또한, 법 적용 대상으로 재화, 서비스 공급, 법령, 정책 적용의 사실상 모든 공사 영역으로 하며, 결과적 불평등을 간접차별로 규정한 점도 우리나라를 갈등 사회로 변화시킬 수 있습니다.  한편, 멸시, 모욕 또는 두려움을 야기하는 부정적 언급의 표시를 정신적 고통 야기로 괴롭힘으로 보아 인권위원회의 차별 시정 대상으로 놓고, 징벌적 손해배상 소송을 국가가 세금으로 지원토록 한 점 등은 이상민의원의 평등법안과 유사 또는 동일합니다. 급진적 젠더 이데올로기에 대한 반대 표시를 부정적 언급의 표시, 정신적 고통의 야기로 보아 표현의 자유를 현저히 억압할 수 있는 신전체주의적 시도입니다.  편향적 인권관으로 젠더정치적 기구로 전락한 인권위의 권고가 사회적 갈등을 야기하고 표현의 자유, 종립학교 교육의 자유, 대학 자율성을 억압하면서 동성애, 성별 변경, 제3의 성을 정당화 옹호하였음을 우리는 목도해 왔습니다. 평등법안은 이러한 인권위에 시정명령 불이행시 최대 3천만원의 이행강제금을 이행할 때까지 중복 부과할 권한을 주며, 국고로 소송을 지원하여 손해액의 3~5배의 배상(최저액 5백만원, 최고액 무제한)을 명하는 징벌적 손해배상을 도입합니다.  심지어, 인권위 진정과 관련한 불이익 처우를 하는 개인, 법인, 사업주를 최대 3년 이하의 징역의 형벌에 직면하도록 합니다. 이 평등법안에 따르도록 기존 법령과 정책을 수정, 개선하도록 하며 인권위 의견을 듣도록 규정(제9조)한 점은, 전술한 법적 제재와 함께, 조화가 아닌 억압, 즉 전체주의적 반대 탄압을 획책하고 있다는 의심을 지울 수 없게 합니다.   차별금지법이 시행된 미국의 주에서는 성전환에 대한 상담 치료를 금지하는 입법이 이루어지고 있습니다. 또한, 여학생이 원하면 남성(he)으로, 남학생은 원하면 여성(she)로 칭하라는 교육정책에 반대의견을 낸 교사가 강제로 휴직되었다가, 법적투쟁 끝에 연방항소법원에 의해 복직되었습니다.  스코틀랜드 학교에서 성별은 남녀 뿐이라고 주장하던 학생이 무기한 정학을 받았습니다. 또한, 성전환에 동의했던 10대 초반 소녀가(현재 23세 여성) 성전환의 위험성을 얘기하지 않았던 영국보험공단을 상대로 소송을 제기해서, 법원은 ‘10대는 성전환의 결과를 이해하고 동의할 수 없다’며 사춘기 억제 성전환 치료의 위법성을 인정하는 판결을 내렸습니다. <Alison Holt, BBC News, NHS gender clinic 'should have challenged me more' over transition, 1 March, 2020.>  미국과 영국은 급진적 젠더 교육과 이로 인한 의료 문제로 어려움을 겪고 있습니다. 이러한 평등법안의 문제점을 보는 대한민국은 절대로 이 법안을 제정해서는 안 될 것입니다.",100000,27775
행정/지방자치,공무원연금 소득공백 해소 및 온전한 퇴직금 보장에 관한 청원,"1. 공무원연금법 제43조(퇴직연금 또는 퇴직연금일시금 등) 제1항 개정   - 퇴직연금 지급개시연령 : 65세 → 60세 개정  - 계급정년, 근무상한연령 퇴직후 5년 경과 → 계급정년 및 근무상한연령 도달시로 개정  2. 공무원연금법 제62조(퇴직수당) 제2항 개정   - 퇴직수당 계산식 : [재직기간 × 기준소득월액 × 대통령령으로 정하는 비율] →  [재직기간 × 기준소득월액]으로 개정  2009년 및 2015년 공무원연금법 개정([법률 제9905호, 2009.12.31., 일부개정] 및 [법률 제13387호, 2015.6.22., 일부개정])으로 공무원연금의 퇴직연금 지급개시연령이 65세로 개정되었다.  다만, 1996년 1월 1일 이후 임용자에 대해 연금 지급개시연령을 단계적으로 상향(2022년 61세, 2024년 62세, 이후 3년마다 1세씩 연장하여 2033년 65세 도달)하도록 개정법 시행을 유보하는 경과규정(부칙)을 두었다. 이는 2015년 공무원연금법 개정 당시 ‘공무원연금 지급개시연령 연장에 따른 소득공백 해소방안 마련’한다는 사회적 합의와 약속에 따른 것이었다.   그러나 정부는 2015년 이후 지금까지 어떠한 대책도 내놓지 않고 있다.  이로 인해 2022년 공무원 퇴직자 중 1,700여 명의 소득공백을 시작으로 2032년까지 무려 10만 명에 달하는 소득공백이 발생하며, 2033년부터는 모든 공무원 퇴직자의 소득공백이 예상된다.  해외 주요 국가들은 연금 수급개시연령을 상향하더라도 이에 맞춰 정년을 연장하거나 재임용제도 등의 소득공백 방지 제도를 두고 있다. 특히 최근 OECD는 연금수급연령 상향을 연금가입연령 상향과 함께 맞춰서 조정하라고 권고한 바 있으며, 연금가입연령이 연금수급개시연령보다 낮은데도 이를 그대로 두고 있는 나라는 OECD에서 우리나라밖에 없다고 지적하고 이를 폐지해야 한다고 권고하고 있다.(OECD, 2022년 한국경제보고서)  이에 65세인 연금지급개시연령을 60세로 개정하여 소득공백을 해소하여, 공무원연금법의 취지에 맞게 소득공백으로 인한 노후 빈곤 위협을 해소하고, 공무원노동자의 안정적 노후보장에 이바지하고자 한다.   또한 공무원 퇴직자는 민간의 퇴직금에 해당하는 퇴직수당을 지급받고 있으나 그 수준은 민간에 비해 많아야 39%에 그치고 있는 실정이다. 민간 퇴직금은 ‘계속근로기간 1년에 대하여 30일분 이상의 평균임금을 지급’하도록 하고 있으나(근로자퇴직급여 보장법 제15조), 공무원 퇴직자의 경우는 재직기간이 20년 이상인 경우 재직기간 1년에 대하여 기준소득월액의 39%을 지급받고 있으며, 재직기간 대비 단계적으로 지급률이 낮아져 5년 미만 재직자의 경우는 6.5%을 지급받고 있어(공무원연금법 제62조 및 동법 시행령 제58조) 그 편차가 심각하다.  이에 공무원 노동자도 퇴직급여 보장의 취지에 부합하게 퇴직수당을 민간 퇴직금 수준으로 현실화하고자 한다.  [공동 청원인] - 대한민국공무원노동조합총연맹 위원장 석현정 - 전국공무원노동조합 위원장 전호일 - 전국교직원노동조합 위원장 전희영",50000,6803
정치/선거/국회운영,22년 3월 대선에서 수개표 시행을 위한 공직선거법 개정에 관한 청원,"1. ‘당일 투표’만 시행한다는 내용을 개정법안에 명시해 주십시오.  부정선거의 가능성이 높은 사전투표와 우편투표를 금하고, 선거 당일에 투표합니다. 현행법상 사전투표 종료 후 투표함의 관리가 올바른지 확인할 법적 근거가 없습니다. 사전투표와 우편투표함 이동 등 관리의 안전성과 신뢰성이 부족하고 계속적인 부정 선거 논란이 생기기 때문에 ‘당일 투표’를 기본 원칙으로 합니다.   투표 참여율보다 중요한 것이 부정선거를 막는 것입니다. 국민들에게 투표할 시간을 주기 위해서 선거일을 법정 공휴일로 정한 것입니다. 선거 당일날 이른 새벽부터 투표소를 여는 등의 방법으로 보완하면 될 것입니다.        2. 개표할 때 ‘수개표’만 시행한다는 내용을 개정법안에 명시해 주십시오.   개표는 전자기기 사용을 금지하고, 투표지를 수작업으로 세는 법안을 만들어 주십시오. 투표함을 이동하지 말고, 투표소에서 ‘현장 개표’가 실시되어야 투표함 바꿔치기나 표 도둑이 생기지 않습니다. 수개표로 바꾼 나라에서 최종 합산 과정에서 전산 부정이 일어난 경우도 있습니다. 그런 만큼 모든 표를 꼼꼼하게 수작업으로 점검해야 할 것입니다. 개표 봉사자를 많이 뽑으면 되고, 우리나라는 인구가 많지 않기 때문에 수개표만 하더라도 하루가 채 걸리지 않을 것입니다. 부정선거를 철저히 막고 정직한 결과를 얻는 것이 가장 중요하기 때문에 선거결과가 늦게 나오는 것은 전혀 문제가 되지 않습니다.    3. 참관인과 투표, 개표의 모든 과정을 영상으로 실시간으로 방영하고, 참관인은 촬영을 한다는 내용을 개정법안에 명시해 주십시오.   선거 참관인의 수를 늘리고, 투개표소 등 선거와 관련된 장소에는 여러 대의 카메라를 두고 투표와 개표 상황을 실시간으로 방송하여 현장 상황을 볼 수 있게 합니다. 참관인은 자유롭게 촬영하도록 합니다.    4. 투개표 참관을 방해하는 등 정직한 선거를 방해하는 사람은 20년 이상 중형에 처한다는 내용을 개정법안에 명시해 주십시오.  5. 모든 투개표 행정과 봉사에는 대한민국 국적을 가진 사람만 참여한다는 내용을 개정법안에 명시해 주십시오. 대한민국 국적을 가진 사람만 투개표에 참여하고, 이를 어길 시 처벌한다는 내용을 개정법안에 명시해 주십시오.  6. 투표함은 표가 보이게 투명으로 제작하여 영구히 투명 투표함을 사용한다는 내용을 개정법안에 명시해 주십시오.  7. 투표 용지는 ""형상기억 투표용지"" 등 특수한 종이를 사용하지 않고, 접은 자국이 정확히 남는 종이 재질을 사용하고 모든 투표인이 종이를 두 번 이상 접도록 현장에서 지도한다는 내용을 개정법안에 명시해 주십시오.  8. 투표지에 바코드와 QR코드를 사용하지 않고 일련번호만 사용한다는 내용을 개정법안에 명시해 주십시오.    9. 투표일에 (알바 포함) 투표 못하게 출근을 시키거나 투표하러 못가게 하는 고용주에게는 10억 벌금을 부과하고 신고하는 자에게는 포상금 지급한다는 내용을 개정법안에 명시해 주십시오.  이상 언급한 아홉 가지의 내용이 모두 명시된 개정법안을 22년 3월 대선 전까지 발의, 통과시키셔서 22년 3월 대선이 수개표로 시행되게 해 달라는 것이 이 청원의 내용이며 국민의 뜻입니다.   이 청원에도 선거법을 수개표 공직선거법을 22년 3월까지 개정하여 통과시키시지 않으신다면 지난 4월 15일 부정선거를 인정하시는 것으로 국민들은 알 것입니다.",100000,20634
농업/임업/수산업/축산업,농업·농촌·농민기본법에 관한 청원,"WEP(유엔세계식량계획)는 코로나19의 경제적 여파로 급성 식량 위기에 처한 인구가 2020년 1억 3,500만 명에서 2021년 2억 7,000만 명에 달할 것으로 예상했습니다. 더 무서운 것은 앞으로 기후 위기로 인해 더 극심한 식량난과 기근이 닥칠 수 있다는 것입니다.   식량위기는 지금부터 식량이 부족할 때 언제든지 수입할 수 있는 시대가 아니기 때문입니다. 코로나19로 팬데믹이 공표되자 주요 곡물수출국들은 앞다투어 수출을 멈추고 교류를 중단한 바 있습니다. 이제 국가 식량안보는 선택이 아닌 필수가 됐으며, 식량주권을 실현하는 것은 국가를 지키는 일이 됐습니다.   세계 곡물자급률은 평균 101.5%입니다. 그에 비해 한국 곡물자급률(사료 포함)은 21%에 불과합니다. 식량 수입 5위, OECD 회원국 중 식량자급률 최하위라는 오명을 지는 이유입니다. 하지만 문재인 정부의 한국 식량자급률 5년간 목표치는 60%→55.4%로 하락했습니다. 그 결과 국내 식량자급률은 2019년 45.8%가 됐습니다. 역대 정권 중 최저이고, 최악입니다.   식량자급을 위해서는 또한 반드시 농지확보가 필수적입니다. 그런데 올해 초, LH 투기 사태, 고위공직자들의 농지투기 문제에 전 국민이 분노했습니다. 농지가 식량 생산 및 국토 보전을 위한 기반이 아니라 망국적인 투기 대상으로 전락하였습니다.   농지가 투기 대상이 된 원인은 ①누구나 쉽게 농지취득이 가능하고 농지전용이 쉽게 개악된 농지법과 ②허술한 ‘농민 규정’ 때문입니다.   헌법에는 ‘농민’이라고 규정하고, 농업식품기본법에는 ‘농업인’이라 규정하고 있으며, 농업인은 ‘농업을 경영하거나 종사하는 자’라 말합니다. 농업식품기본법에서 규정하고 있는 농업인은 단순한 산업종사자로서 농민을 말하고 있어 한계가 너무나 많습니다.   ‘농업경영체 등록제’는 ①농산물 연간 판매액이 120만 원, ②1년 중 90일 이상 농업에 종사하면 누구나 농업인으로 인정하고 있어서, 누구든 농업인이 되어 농지투기를 할 수 있게 되어 있습니다.   ‘농업경영체 등록제’는 가짜농민을 양산하고 진짜농민은 제외하고 있으며, 여성농민이 농민이 아니게 되어 있습니다. ‘농업경영체 등록제’는 폐지하고 ‘농민등록제’를 통해 농민을 농민이라 말할 수 있어야 합니다.    한국 농업 정책은 근본적으로 바뀌어야 합니다. 식량주권 실현과 기후위기를 극복하기 위해서는 한국농정의 체제 전환이 필요합니다. 지금까지 한국 농정은 농업을 포기하고 시장경제 중심인 정책이었습니다. 농정대전환으로 적폐 농정, 시장경제 중심에 기반한 농정을 갈아엎고, 농업·농촌·농민을 지속·가능할 수 있게 해야 합니다.   식량주권은 식량에 대한 민중의 권리이고, 고유한 식량과 농업체계를 결정할 수 있는 농민의 권리입니다. 나아가 식량주권 실현은 국가와 국민을 지키는 일입니다.  농민기본법 제정으로 국민에게는 안전한 먹거리와 농산물을 제공하고, 농민이 지속가능한 생산 활동을 할 수 있도록 청원에 동참해주십시오",50000,3459
저출산/고령화/아동/청소년/가족,건강가정기본법 개정안 반대에 관한 청원,"현행 건강가정기본법 제3조 제1호는 “‘가족’이라 함은 혼인·혈연·입양으로 이루어진 사회의 기본단위를 말한다”고 규정하고 있습니다. 이에 따라 장애인가족, 다문화가족, 한부모가족은 모두 법적인 가족에 포함됩니다. 그리고, 이러한 다양한 가족들을 지원하기 위한 법들도 이미 많이 만들어져 있습니다. 예들 들어, 장애인아동복지지원법, 다문화가족지원법, 한부모가족지원법, 노인복지법, 한부모가족지원조례, 다문화가족지원조례, 장애인가족지원조례, 외국인주민지원조례, 독거노인지원에관한조례 등이 있습니다. 추가할 부분이 있다면 이러한 법들을 개정하여 추가하면 됩니다.  한편, 현재 법적인 가족에 포함되지 않는 것은 비혼동거뿐입니다. 비혼동거란 결혼하지 않고 동거하는 것을 말하는데, 남녀의 동거뿐만 아니라 동성간의 동거도 포함합니다.  그런데, 작년에 더불어민주당 남인순 의원과 정춘숙 의원이 건강가정기본법에서 ‘가족’의 법적 정의를 삭제하는 개정안을 발의하였습니다. 그 이유는 바로 비혼동거를 법적인 가족으로 만들기 위함입니다.  그러나, 남녀동거의 경우에는 사실혼 인정 제도가 있기에, 법적인 가족에 포함시킬 필요가 없습니다. 결국 개정안의 주된 목적은 동성커플을 법적인 가족으로 인정해 주려는 것입니다. 개정안이 ‘양성평등’ 용어가 사용된 대다수 조항에서 ‘양성‘을 삭제한 이유도 남녀로 된 양성커플이 아닌 동성커플을 가족으로 인정하려는 목적 때문이라고 봅니다.  그렇기에 개정안이 국회를 통과한다면, 동성 파트너를 가족관계등록부에 ‘배우자’ 대신에 ‘동반자＇로 등록할 수 있는 제도를 도입할 수 있게 됩니다. 즉, 남자며느리, 여자사위와 한가족이 될 수 있다는 의미입니다.  또한, 개정안은 현행법에서 국가가 가족해체를 예방해야 한다는 조항(제9조)을 삭제하였습니다. 이는 국가가 가족해체를 방조하겠다는 의미이고, 가족 해체를 통해 동성혼 합법화를 달성하겠다는 의도로 볼 수 있습니다. 남인순 의원안은 국민의 혼인과 출산 중요성 인식 및 국가의 모·부성권 보호, 태아 건강보장 등 지원 조항까지도 삭제하였습니다.  아울러, 개정안은 제2조에 가족형태 차별금지 조항을 신설하였는데, 이는 동성결합과 동성결혼에 반대하는 것도 법적으로 금지하겠다는 의미입니다.  건강가정기본법 개정안이 국회를 통과한다면, 누나의 동거남이 결혼을 안 해도 매형이 될 수 있게 됩니다. 뿐만 아니라, 남자며느리, 여자사위와 한 가족이 될 수도 있습니다.  이와같이 가족을 해체하고, 혼인과 가족제도를 파괴하며, 남자며느리, 여자사위와 한가족이 되게 만드는 건강가정기본법 개정안이 절대로 국회를 통과해서는 안 됩니다!  한부모가족, 장애인가족, 다문화가족, 독거노인 등을 지원하는 수많은 현행 법령이 이미 있음에도 불구하고, 다양한 가족 포용이라는 명목으로 국민을 속이며 은밀하게 동성결합(결혼) 합법화를 추진하는 것을 즉시 중단하여 주십시오.  국회 여성가족위원회는 건강가정기본법 개정안을 절대로 통과시키지 말아 주시길 바랍니다! 가족의 정의 마지막에 ‘등’을 삽입하는 것도, 가족의 정의를 삭제하는 것과 동일한 효과를 나타내기에 강력히 반대합니다!  아래 링크의 동영상을 꼭 시청하여 주시기 바랍니다. https://www.youtube.com/watch?v=qqtSGiMdNl8",100000,14579
기타,아동학대살인사건 중형의 판례와 신상공개에 관한 청원,"저는 얼마전 아동학대로 살해당한 한 아이의 삼촌입니다 아동학대 사건의 형량 상한 법률개정보다 실질적인 강력한 판결과 판례 신상공개를 청원합니다 지금 수사중인 사건을 거론하면 청원 불수리 사항이기에 포괄적으로 말씀드립니다 아동학대 및 아동학대살인  본 사건의 초범인 점 반성문 몇장쓰고 반성하고 있다는 이유로  임신 또는 산후우울증등 심신미약의 사유로 남겨진 아이들의 양육문제로 형량의 감경처분 없애 주십시요 합의나 피해보상도 없는 이런사건에 본인부터 살겠다고 변호사부터 고용하는 행위도 괘씸하게 처벌해주세요 함께동거하면서 아이가 이렇게 될줄 몰랐었다 라는 변명은 거짓말 아동 방치 학대 살인은 엄연히 존속살인행위 입니다 우발적인 살인도 아니고 지속적인 고통으로 잔인하게 아이를 죽여갔는데 11살 아이몸에 망치 못뽑는 날카로운물체 등으로 수차례 찍어 남아있는 자상이 육안으로도 보이는데  상습아동학대 라고요?  성인도 그렇게 맞으면 죽거나 트라우마로 인한 정신장애 옵니다 아동학대가 아니고 살인미수입니다 산후우울증이라는 변명 핑계를 인용하자면 자기자식 또는 남의 자식에게도 후에 안그런다는 보장 없습니다 그런 범죄자를 감경하고 아무대책없이 사회에 내보낸다는건 말도 안된다고 봅니다 많은부분 재혼가정에 아동학대 범죄가 발생하는데 아이를 위한 행복한가정을 꿈꾸며 결혼이나 재혼을  하겠지만 내 반려자가 아동학대 또는 가정폭력 가해자였다면요?   가해자들은 아동학대사건 뉴스를 못보고 살아왔을까요?  학대인지 몰랐다고요? 이제 누구를믿고 아이를낳고 누구를믿고 같이 키워야하는지  애초부터 강하게 처벌해주어야 두번다시 이런범죄가 일어나지 않을것입니다 아동학대 범죄자도 신상공개 해주십시요 이런 사람들 우리주변 어디에도 있을수 있습니다  불안해서 내자식 놀이터에 내보낼수 있겠습니까? 학교 또는 친구집에 놀러보낼수 있겠습니까?  이런사람들이 어디에서 무슨일을 하며 사는지도 모르고 사는 불안은 이루 말할 수 없습니다 그런사람들의 신상공개로 인해 기관에서는 주의깊게 관리를 할것이고 우리들도 조심할수 있고  유심히 관찰하여 새로 생겨나는 아동피해를 막을 수도 있습니다  정부에서 이번만이라도 뒷수습만 하지마시고 앞서서 먼저 예방을 해주세요   내 자식들 안심하고 내보내고 보살필수 있게 다른 강력범죄자들처럼 신상공개 해주시고 주위에 전입하게되면 확인할수 있는 틀을 마련해주십시요 우리 아이들도 부모님들도 마음 편히 살수 있는 기틀을 마련해 주시기를 정부에 사회에 법에 이렇게 간곡히 부탁드려봅니다  신상공개 범행수단이 잔인하고 중대한 피해가 발생한 특정강력범죄 사건일 것. 피의자가 그 죄를 범했다고 믿을 만한 충분한 증거가 있을 것. 국민의 알권리 보장 및 피의자의 재범 방지 및 범죄 예방 등 오로지 공공의 이익을 위해 필요할 것. 피의자가 청소년보호법상 청소년에 해당하지 않을 것. 특정강력범죄 형법 제2편제24장 살인의 죄 중 제250조(살인ㆍ존속살해), 제253조(위계 등에 의한 촉탁살인 등) 및 제254조(미수범. 다만, 제251조 및 제252조의 미수범은 제외한다) 범죄자의 인권보다 대다수 국민의 권리 아이들이 보호받아야할 권리 안전해야할 권리 국가에서 지켜주십시요",18152,1780
복지/보훈,부모급여 소급적용에 관한 청원,"내년부터 부모급여가 시행될 예정으로 알고있습니다. 만0세부터 70만원인데 올해 태어나도 내년엔 만 0세인 경우가 있는데 출생일이 2022년이라는 이유로 지급하지 않는다는건,말이 안됩니다. 꼭 소급적용해주세요",23494,2435
